{"cameraMode":{"drawMode":0,"name":"Shaded","section":"Shading Mode"},"sceneLighting":false,"audioPlay":false,"sceneViewState":{"showFog":true,"showMaterialUpdate":false,"showSkybox":false,"showFlares":true,"showImageEffects":true,"showParticleSystems":true},"in2DMode":false,"pivot":{"x":-0.05815386772155762,"y":0.39435309171676638,"z":-0.1155935525894165},"rotation":{"x":-0.09113156795501709,"y":0.6297698020935059,"z":-0.0744175985455513,"w":-0.7680262327194214},"size":1.8406823873519898,"orthographic":false}