{"cameraMode":{"drawMode":0,"name":"Shaded","section":"Shading Mode"},"sceneLighting":false,"audioPlay":false,"sceneViewState":{"showFog":true,"showMaterialUpdate":false,"showSkybox":false,"showFlares":true,"showImageEffects":true,"showParticleSystems":true},"in2DMode":false,"pivot":{"x":-2.2351741790771486e-8,"y":0.9743920564651489,"z":0.0},"rotation":{"x":-0.058526452630758288,"y":0.8344866633415222,"z":-0.08983854204416275,"w":-0.5407897233963013},"size":2.3495123386383058,"orthographic":false}