{"cameraMode":{"drawMode":0,"name":"Shaded","section":"Shading Mode"},"sceneLighting":true,"audioPlay":false,"sceneViewState":{"showFog":true,"showMaterialUpdate":false,"showSkybox":true,"showFlares":true,"showImageEffects":true,"showParticleSystems":true},"in2DMode":false,"pivot":{"x":0.3281858265399933,"y":0.8003674149513245,"z":6.361641883850098},"rotation":{"x":-0.02050100639462471,"y":0.977101743221283,"z":-0.107671819627285,"w":-0.18318113684654237},"size":13.32120132446289,"orthographic":false}