{"cameraMode":{"drawMode":0,"name":"Shaded","section":"Shading Mode"},"sceneLighting":false,"audioPlay":false,"sceneViewState":{"showFog":true,"showMaterialUpdate":false,"showSkybox":false,"showFlares":true,"showImageEffects":true,"showParticleSystems":true},"in2DMode":false,"pivot":{"x":0.3240000009536743,"y":-0.2724311053752899,"z":0.6605079174041748},"rotation":{"x":-0.058526452630758288,"y":0.8344866633415222,"z":-0.08983854204416275,"w":-0.5407897233963013},"size":0.6506308913230896,"orthographic":false}