{"cameraMode":{"drawMode":0,"name":"Shaded","section":"Shading Mode"},"sceneLighting":false,"audioPlay":false,"sceneViewState":{"showFog":true,"showMaterialUpdate":false,"showSkybox":false,"showFlares":true,"showImageEffects":true,"showParticleSystems":true},"in2DMode":false,"pivot":{"x":-0.000531613826751709,"y":0.2720869183540344,"z":-0.00086212158203125},"rotation":{"x":-0.05910102650523186,"y":0.6689163446426392,"z":-0.05351017042994499,"w":-0.7390942573547363},"size":1.7646899223327637,"orthographic":false}