{"cameraMode":{"drawMode":0,"name":"Shaded","section":"Shading Mode"},"sceneLighting":false,"audioPlay":false,"sceneViewState":{"showFog":true,"showMaterialUpdate":false,"showSkybox":false,"showFlares":true,"showImageEffects":true,"showParticleSystems":true},"in2DMode":false,"pivot":{"x":0.0,"y":0.3941085934638977,"z":0.0062725841999053959},"rotation":{"x":0.07984211295843125,"y":-0.8686168789863586,"z":0.14895188808441163,"w":0.4658738672733307},"size":1.6981854438781739,"orthographic":false}