{"cameraMode":{"drawMode":0,"name":"Shaded","section":"Shading Mode"},"sceneLighting":true,"audioPlay":false,"sceneViewState":{"showFog":true,"showMaterialUpdate":false,"showSkybox":true,"showFlares":true,"showImageEffects":true,"showParticleSystems":true},"in2DMode":false,"pivot":{"x":-10.116897583007813,"y":-1.297731876373291,"z":3.6488819122314455},"rotation":{"x":-0.08647271990776062,"y":0.743976354598999,"z":-0.0976807102560997,"w":-0.6555748581886292},"size":13.32120132446289,"orthographic":false}